<?xml version="1.0" encoding="UTF-8"?>
<project-private xmlns="http://www.netbeans.org/ns/project-private/1">
    <editor-bookmarks xmlns="http://www.netbeans.org/ns/editor-bookmarks/2" lastBookmarkId="0"/>
    <open-files xmlns="http://www.netbeans.org/ns/projectui-open-files/2">
        <group>
            <file>file:/C:/Users/annie/OneDrive/Escritorio/EDD/New%20Folder/Simulador%20OS/src/Cola.java</file>
            <file>file:/C:/Users/annie/OneDrive/Escritorio/EDD/New%20Folder/Simulador%20OS/src/CPU.java</file>
            <file>file:/C:/Users/annie/OneDrive/Escritorio/EDD/New%20Folder/Simulador%20OS/src/Main.java</file>
            <file>file:/C:/Users/annie/OneDrive/Escritorio/EDD/New%20Folder/Simulador%20OS/src/Interfaces/Menu.form</file>
            <file>file:/C:/Users/annie/OneDrive/Escritorio/EDD/New%20Folder/Simulador%20OS/src/MultithreadThing.java</file>
            <file>file:/C:/Users/annie/OneDrive/Escritorio/EDD/New%20Folder/Simulador%20OS/src/Proceso.java</file>
            <file>file:/C:/Users/annie/OneDrive/Escritorio/EDD/New%20Folder/Simulador%20OS/src/Nodo.java</file>
            <file>file:/C:/Users/annie/OneDrive/Escritorio/EDD/New%20Folder/Simulador%20OS/src/Interfaces/Simulador.form</file>
            <file>file:/C:/Users/annie/OneDrive/Escritorio/EDD/New%20Folder/Simulador%20OS/src/Planificador.java</file>
            <file>file:/C:/Users/annie/OneDrive/Escritorio/EDD/New%20Folder/Simulador%20OS/src/SimuladorOS.java</file>
            <file>file:/C:/Users/annie/OneDrive/Escritorio/EDD/New%20Folder/Simulador%20OS/src/Interfaces/InterfazSimulacion.java</file>
        </group>
    </open-files>
</project-private>
